Energy(Hartree),Energy(eV)
-1540.29939370,-41913.67735
-1540.30329718,-41913.78357
-1540.30324173,-41913.78206
-1540.30328977,-41913.78337
-1540.30326328,-41913.78265
-1540.30325948,-41913.78255
-1540.30325865,-41913.78252
